ID,Symptoms/Question,Disease Prediction,Recommended Medicines,Advice
1,muscle cramps and weakness,Electrolyte Imbalance,"Electrolyte solution, Potassium supplements","Stay hydrated, maintain balanced diet."
2,cold hands and feet,Raynaud's Disease,"Nifedipine, Losartan","Keep warm, reduce stress."
3,back pain and stiffness,Herniated Disc,"Ibuprofen, Muscle relaxants","Maintain good posture, apply cold/heat."
4,headache and nausea,Migraine,"Sumatriptan, Naproxen","Avoid triggers, rest in a dark room."
5,persistent cough with mucus,Bronchitis,"Azithromycin, Cough suppressants","Drink fluids, avoid smoke."
6,joint pain and swelling,Rheumatoid Arthritis,"Methotrexate, Prednisone","Exercise gently, manage stress."
7,swollen glands in neck,Lymphadenopathy,"Amoxicillin, Analgesics","Monitor swelling, take antibiotics if needed."
8,night sweats and weight loss,Tuberculosis,"Isoniazid, Rifampin","Take full antibiotic course, avoid contact."
9,diarrhea and stomach cramps,Gastroenteritis,"Loperamide, Oral Rehydration","Stay hydrated, eat bland food."
10,tiredness and frequent urination,Type 2 Diabetes,"Metformin, Glipizide","Exercise regularly, control sugar intake."
11,sensitivity to light and headaches,Meningitis,"Ceftriaxone, Dexamethasone","Seek emergency care immediately."
12,dry mouth and excessive thirst,Dehydration,"ORS, IV Fluids","Drink more fluids, avoid excessive heat."
13,blurred vision and eye pain,Glaucoma,"Latanoprost, Timolol","Use eye drops regularly, avoid strain."
14,sore throat and mild fever,Pharyngitis,"Paracetamol, Lozenges","Drink warm fluids, rest well."
15,abdominal pain and bloating,Acid Reflux,"Omeprazole, Ranitidine","Avoid spicy food, elevate head while sleeping."
16,chest pain and dizziness,Heart Disease,"Aspirin, Nitroglycerin","Avoid stress, follow heart-healthy diet."
17,itchy skin and rash,Eczema,"Hydrocortisone, Moisturizers","Use moisturizers, avoid allergens."
18,shortness of breath and cough,Asthma,"Salbutamol, Fluticasone","Avoid allergens, use inhaler as prescribed."
19,frequent nosebleeds,Hypertension,"Lisinopril, Amlodipine","Reduce salt intake, exercise daily."
20,difficulty sleeping,Insomnia,"Melatonin, Zolpidem","Maintain sleep schedule, avoid caffeine."
21,fever and chills,Viral Fever,Paracetamol,"Take rest and drink plenty of fluids"
22,runny nose and sneezing,Common Cold,Cetirizine,"Avoid cold drinks and rest well"
23,sore throat and cough,Throat Infection,"Paracetamol, Lozenges","Gargle with warm salt water"
24,headache and eye strain,Eye Strain,Paracetamol,"Reduce screen time and rest eyes"
25,stomach pain after eating,Indigestion,Antacids,"Eat small meals and avoid spicy food"
26,vomiting and nausea,Food Poisoning,Ondansetron,"Drink ORS and avoid solid food"
27,body pains and tiredness,Viral Infection,Paracetamol,"Take rest and fluids"
28,cough and chest tightness,Chest Infection,Cough Syrup,"Avoid cold air and smoke"
29,itchy eyes and sneezing,Allergic Rhinitis,Cetirizine,"Avoid dust and pollen"
30,burning while passing urine,Urinary Tract Infection,Nitrofurantoin,"Drink more water"
31,constipation and hard stools,Constipation,Isabgol,"Eat fiber rich foods"
32,loose motions and weakness,Diarrhea,"ORS, Zinc","Stay hydrated"
33,back pain after sitting long,Muscle Strain,Pain Relievers,"Maintain proper posture"
34,neck pain and stiffness,Cervical Spondylosis,Pain Relievers,"Do neck exercises"
35,acne and oily skin,Acne,Benzoyl Peroxide,"Keep face clean"
36,dandruff and itchy scalp,Dandruff,Ketoconazole Shampoo,"Wash hair regularly"
37,tooth pain and swelling,Tooth Infection,Pain Killers,"Visit dentist"
38,ear pain and itching,Ear Infection,Antibiotic Drops,"Keep ear dry"
39,breathlessness on walking,Anemia,Iron Supplements,"Eat iron rich foods"
40,fatigue and pale skin,Iron Deficiency Anemia,Iron Tablets,"Improve diet"
41,frequent headaches,Tension Headache,Paracetamol,"Manage stress"
42,stomach bloating and gas,Gas Trouble,Simethicone,"Avoid carbonated drinks"
43,knee pain while climbing stairs,Knee Arthritis,Pain Relievers,"Do strengthening exercises"
44,hand joint stiffness morning,Arthritis,Pain Relievers,"Do hand exercises"
45,dryness and cracking lips,Dehydration,Multivitamins,"Drink enough water"
46,eye redness and itching,Conjunctivitis,Eye Drops,"Avoid touching eyes"
47,frequent burping and acidity,Acid Reflux,Omeprazole,"Avoid oily food"
48,sleep problems and stress,Stress,Mild Sedatives,"Practice relaxation"
49,low mood and tiredness,Mild Depression,Multivitamins,"Exercise regularly"
50,weight gain and tiredness,Hypothyroidism,Levothyroxine,"Regular thyroid check"
51,excessive sweating,Hyperhidrosis,Antiperspirants,"Maintain hygiene"
52,hair fall and weakness,Nutritional Deficiency,Multivitamins,"Eat healthy food"
53,numbness in legs,Nerve Compression,Vitamin B Complex,"Avoid long sitting"
54,frequent infections,Low Immunity,Multivitamins,"Improve nutrition"
55,dry cough at night,Allergy,Antihistamines,"Avoid allergens"
56,wheezing and chest tightness,Mild Asthma,Inhaler,"Avoid triggers"
57,swelling in feet,Fluid Retention,Diuretics,"Reduce salt intake"
58,burning sensation in chest,Heartburn,Antacids,"Avoid late night meals"
59,itchy private area,Fungal Infection,Antifungal Cream,"Keep area dry"
60,white patches in mouth,Oral Thrush,Antifungal Gel,"Maintain oral hygiene"
61,frequent urination at night,Prostate Enlargement,Alpha Blockers,"Reduce fluids at night"
62,dizziness on standing,Low Blood Pressure,ORS,"Stand slowly"
63,ringing in ears,Tinnitus,Vitamin Supplements,"Avoid loud noise"
64,redness and pain in joints,Gout,Pain Relievers,"Avoid high protein food"
65,stomach cramps during periods,Menstrual Cramps,Pain Relievers,"Use hot water bag"
66,mood swings and fatigue,Hormonal Imbalance,Multivitamins,"Get proper sleep"
67,dry skin and itching,Dry Skin,Moisturizers,"Use mild soaps"
68,frequent yawning and tired,Sleep Deprivation,No Medicine,"Improve sleep habits"
69,cough after eating,Acid Reflux,Antacids,"Avoid lying after meals"
70,chest discomfort after stress,Anxiety,Mild Sedatives,"Practice breathing exercises"
71,feeling dizzy and weak,General Weakness,Multivitamins,"Take rest and balanced diet"
72,loss of appetite and nausea,Stomach Infection,Antiemetic,"Eat light foods and stay hydrated"
73,pain while swallowing,Throat Inflammation,Lozenges,"Drink warm fluids"
74,frequent hiccups,Indigestion,Antacids,"Avoid spicy food"
75,stomach burning in morning,Acid Reflux,Omeprazole,"Avoid skipping meals"
76,shaking hands and nervousness,Anxiety,Anti anxiety meds,"Practice deep breathing"
77,sudden weight loss,Metabolic Disorder,Medical Evaluation,"Consult doctor for tests"
78,leg cramps at night,Electrolyte Deficiency,Magnesium Supplements,"Stretch before sleep"
79,difficulty concentrating,Tiredness,Multivitamins,"Get enough sleep"
80,frequent sore throat,Recurrent Infection,Vitamin C,"Boost immunity"
81,swollen ankles in evening,Fluid Retention,Diuretics,"Elevate legs"
82,tingling in fingers,Vitamin Deficiency,Vitamin B12,"Improve nutrition"
83,eye watering in sunlight,Light Sensitivity,Sunglasses,"Avoid bright light"
84,pain in heel while walking,Plantar Fasciitis,Pain Relievers,"Use soft footwear"
85,lower back pain while bending,Muscle Strain,Pain Relievers,"Avoid heavy lifting"
86,dry cough with throat itch,Allergy,Antihistamines,"Avoid dust exposure"
87,excessive sleepiness daytime,Sleep Disorder,Medical Evaluation,"Maintain sleep routine"
88,frequent mouth ulcers,Vitamin Deficiency,Multivitamins,"Avoid spicy foods"
89,heavy sweating at night,Night Sweats,Medical Evaluation,"Consult doctor if persists"
90,painful bowel movements,Anal Fissure,Ointments,"Increase fiber intake"
91,frequent stomach noises,Gas Trouble,Simethicone,"Avoid carbonated drinks"
92,stiff neck after sleeping wrong,Muscle Stiffness,Pain Relievers,"Apply warm compress"
93,itching between toes,Fungal Infection,Antifungal Cream,"Keep feet dry"
94,red watery eyes,Eye Allergy,Eye Drops,"Avoid rubbing eyes"
95,feeling cold all the time,Hypothyroidism,Thyroid Medication,"Check thyroid levels"
96,slow healing wounds,Diabetes Complication,Blood Sugar Control,"Monitor glucose regularly"
97,burning feet at night,Nerve Problem,Vitamin B Complex,"Consult doctor"
98,difficulty breathing when lying,Heart or Lung Issue,Medical Evaluation,"Seek medical attention"
99,chest heaviness after meals,Acid Reflux,Antacids,"Eat small meals"
100,frequent yawning and breathlessness,Anemia,Iron Supplements,"Improve iron intake"
101,blurred vision after screen use,Digital Eye Strain,Eye Drops,"Follow 20-20-20 rule"
102,irregular menstrual cycles,Hormonal Imbalance,Hormone Therapy,"Consult gynecologist"
103,pain in wrist after typing,Repetitive Strain Injury,Pain Relievers,"Take frequent breaks"
104,frequent throat clearing,Post Nasal Drip,Antihistamines,"Drink warm fluids"
105,loss of smell and taste,Sinus Infection,Decongestants,"Steam inhalation"
106,white discharge and itching,Vaginal Infection,Antifungal Tablets,"Maintain hygiene"
107,frequent urination with burning,Urinary Infection,Antibiotics,"Drink plenty of water"
108,stomach pain after dairy,Lactose Intolerance,Lactase Enzymes,"Avoid dairy products"
109,sudden muscle twitching,Electrolyte Imbalance,Magnesium,"Stay hydrated"
110,feeling heartbeat fast,Panic Attack,Anti anxiety meds,"Practice calming techniques"
111,dry throat at night,Mouth Breathing,Saline Spray,"Use humidifier"
112,eye pain while blinking,Eye Infection,Eye Drops,"Avoid eye strain"
113,frequent burping after meals,Indigestion,Antacids,"Eat slowly"
114,loss of hair in patches,Alopecia,Topical Steroids,"Consult dermatologist"
115,pain under rib cage,Muscle Injury,Pain Relievers,"Avoid strenuous activity"
116,feeling bloated after small meals,Indigestion,Probiotics,"Eat smaller portions"
117,sore gums and bleeding,Gingivitis,Antiseptic Mouthwash,"Brush regularly"
118,itchy ears inside,Ear Allergy,Antihistamine Drops,"Avoid inserting objects"
119,difficulty starting urine,Prostate Issue,Alpha Blockers,"Consult urologist"
120,frequent thirst and hunger,Diabetes,Blood Sugar Control,"Check glucose levels"
121,tooth pain while chewing,Dental Cavity,Pain Killers,"Avoid very hot or cold food"
122,bleeding gums while brushing,Gingivitis,Antiseptic Mouthwash,"Brush gently and regularly"
123,bad breath even after brushing,Oral Infection,Antibacterial Mouthwash,"Maintain oral hygiene"
124,swollen gums with pain,Gum Infection,Antibiotics,"Consult dentist"
125,sharp pain in tooth,Tooth Sensitivity,Desensitizing Toothpaste,"Avoid cold drinks"
126,jaw pain while opening mouth,TMJ Disorder,Pain Relievers,"Avoid chewing hard foods"
127,ulcers inside mouth,Mouth Ulcers,Topical Gel,"Avoid spicy food"
128,white coating on tongue,Oral Thrush,Antifungal Gel,"Clean tongue daily"
129,tooth pain with swelling face,Dental Abscess,Antibiotics,"Visit dentist immediately"
130,bleeding after tooth extraction,Post Extraction Issue,Antiseptic,"Avoid rinsing for 24 hours"
131,loose tooth in adult,Periodontal Disease,Dental Treatment,"Consult dentist"
132,red patches inside mouth,Oral Inflammation,Topical Ointment,"Avoid tobacco and alcohol"
133,pain in gums while eating,Gum Inflammation,Antiseptic Gel,"Eat soft foods"
134,dry mouth problem,Xerostomia,Saliva Substitutes,"Drink water frequently"
135,cracked corner of lips,Angular Cheilitis,Antifungal Cream,"Keep lips moisturized"
136,burning mouth sensation,Burning Mouth Syndrome,Vitamin B Complex,"Consult doctor"
137,tooth ache at night,Dental Infection,Pain Killers,"Get dental checkup"
138,metallic taste in mouth,Medication Side Effect,Medical Evaluation,"Consult doctor"
139,food getting stuck in teeth,Gum Disease,Dental Cleaning,"Maintain flossing"
140,swollen jaw lymph nodes,Dental Infection,Antibiotics,"Consult dentist"
141,teeth grinding during sleep,Bruxism,Mouth Guard,"Reduce stress"
142,black spots on teeth,Tooth Decay,Dental Cleaning,"Visit dentist"
143,pain in wisdom tooth,Wisdom Tooth Infection,Pain Relievers,"Dental extraction if needed"
144,sore throat with mouth sores,Viral Infection,Pain Relievers,"Drink warm fluids"
145,difficulty opening mouth fully,Jaw Muscle Spasm,Muscle Relaxants,"Apply warm compress"
146,small red bumps on skin,Heat Rash,Calamine Lotion,"Keep skin cool and dry"
147,itchy red patches on arms,Allergic Dermatitis,Antihistamine Cream,"Avoid allergens"
148,white patches on skin,Vitiligo,Topical Steroids,"Consult dermatologist"
149,dark patches on face,Melasma,Sunscreen Cream,"Avoid sun exposure"
150,boils with pus on skin,Skin Abscess,Antibiotics,"Keep area clean"
151,rough dry patches on elbows,Psoriasis,Topical Steroids,"Moisturize regularly"
152,itching after bath,Dry Skin,Moisturizers,"Use mild soap"
153,small blisters on hands,Contact Dermatitis,Antihistamines,"Avoid irritants"
154,painful skin rash with burning,Shingles,Antiviral Drugs,"Seek medical care"
155,scaly patches on scalp,Scalp Psoriasis,Medicated Shampoo,"Follow scalp treatment"
156,itchy circular rash,Ringworm,Antifungal Cream,"Keep skin dry"
157,skin redness after sun,Sunburn,Aloe Vera Gel,"Avoid sun exposure"
158,skin peeling between fingers,Eczema,Moisturizing Cream,"Apply ointment regularly"
159,itchy bumps after mosquito bite,Insect Bite,Antihistamine Cream,"Avoid scratching"
160,blackheads on nose,Blackheads,Salicylic Acid,"Clean face daily"
161,painful lumps under skin,Boils,Antibiotics,"Consult doctor"
162,excessive facial hair growth,Hormonal Imbalance,Hormone Therapy,"Consult doctor"
163,yellow crust on skin sores,Impetigo,Topical Antibiotics,"Keep area clean"
164,skin darkening around neck,Acanthosis Nigricans,Blood Sugar Control,"Check for diabetes"
165,itching in skin folds,Fungal Infection,Antifungal Powder,"Keep area dry"
166,peeling skin on feet,Athletes Foot,Antifungal Cream,"Change socks regularly"
167,sudden skin redness and swelling,Allergic Reaction,Antihistamines,"Seek medical help if severe"
168,skin bumps with itching at night,Scabies,Permethrin Cream,"Wash clothes in hot water"
169,thick skin on palms,Calluses,Moisturizing Cream,"Use protective gloves"
170,skin irritation after shaving,Razor Burn,Soothing Gel,"Use clean razor"
171,ear pain while chewing,Ear Infection,Pain Relievers,"Avoid cold air and consult doctor"
172,itching inside ear,Ear Allergy,Antihistamine Drops,"Do not insert objects in ear"
173,blocked ear feeling,Ear Wax Build Up,Ear Drops,"Get ear cleaned by doctor"
174,ringing sound in ear,Tinnitus,Vitamin Supplements,"Avoid loud noise"
175,fluid discharge from ear,Ear Infection,Antibiotics,"Keep ear dry and consult doctor"
176,ear pain with fever,Middle Ear Infection,Antibiotics,"Seek medical treatment"
177,reduced hearing in one ear,Hearing Loss,Medical Evaluation,"Get hearing test done"
178,pain behind ear,Swollen Lymph Nodes,Pain Relievers,"Apply warm compress"
179,ear fullness after cold,Eustachian Tube Block,Decongestants,"Do steam inhalation"
180,crackling sound in ear,Ear Pressure Change,Decongestants,"Avoid sudden pressure changes"
181,ear itching with flakes,Ear Dermatitis,Antifungal Drops,"Keep ear dry"
182,sharp ear pain at night,Ear Infection,Pain Relievers,"Consult ENT doctor"
183,ear pain after swimming,Swimmers Ear,Antibiotic Drops,"Dry ears after swimming"
184,hearing difficulty in noise,Early Hearing Loss,Hearing Test,"Avoid loud environments"
185,ear buzzing sound,Tinnitus,Vitamin B Complex,"Reduce stress"
186,ear pain while flying,Barotrauma,Decongestants,"Chew gum during flight"
187,bleeding from ear,Ear Injury,Emergency Care,"Go to hospital immediately"
188,ear pain with jaw movement,TMJ Disorder,Pain Relievers,"Avoid hard chewing"
189,bad smell from ear,Ear Infection,Antibiotics,"Clean ear under doctor guidance"
190,ear blockage after bath,Water Trapped in Ear,Ear Drying Drops,"Tilt head and dry ear"
191,ear redness and swelling,Outer Ear Infection,Antibiotics,"Apply prescribed ointment"
192,constant ear itching,Fungal Ear Infection,Antifungal Drops,"Keep ear dry"
193,ear pain with sore throat,ENT Infection,Antibiotics,"Treat throat infection"
194,clicking sound in ear,Jaw Joint Problem,Pain Relievers,"Do jaw exercises"
195,ear numbness sensation,Nerve Irritation,Vitamin B Complex,"Consult doctor"
196,blocked nose on one side,Nasal Congestion,Decongestants,"Do steam inhalation"
197,frequent sneezing in morning,Allergic Rhinitis,Antihistamines,"Avoid dust exposure"
198,runny nose with itching,Nasal Allergy,Cetirizine,"Use saline spray"
199,nose bleeding frequently,Nosebleed,Saline Spray,"Apply pressure and consult doctor"
200,pain around nose and eyes,Sinusitis,Antibiotics,"Steam inhalation helps"
201,thick yellow nasal discharge,Sinus Infection,Antibiotics,"Complete medication course"
202,nose itching and irritation,Allergic Reaction,Antihistamines,"Avoid allergens"
203,loss of smell due to cold,Common Cold,Decongestants,"Rest and fluids"
204,pain inside nose,Local Infection,Antibiotic Ointment,"Do not touch inside nose"
205,nose blockage at night,Nasal Polyps,Medical Evaluation,"Consult ENT specialist"
206,frequent nose dryness,Dry Nasal Passages,Saline Gel,"Use humidifier"
207,nasal congestion after AC,Cold Exposure,Decongestants,"Avoid cold air"
208,pressure on forehead and nose,Sinus Headache,Pain Relievers,"Steam inhalation"
209,nose swelling after injury,Nasal Injury,Pain Relievers,"Apply cold compress"
210,burning sensation in nose,Allergic Irritation,Saline Spray,"Avoid strong smells"
211,nose pain with toothache,Maxillary Sinusitis,Antibiotics,"Dental and ENT checkup"
212,constant sniffing,Nasal Allergy,Antihistamines,"Keep room dust free"
213,bad smell from nose,Sinus Infection,Antibiotics,"Consult ENT doctor"
214,nose blockage with snoring,Deviated Septum,Medical Evaluation,"Surgical correction if needed"
215,frequent sneezing after dust,Allergy Trigger,Antihistamines,"Wear mask in dusty areas"
216,crusting inside nose,Nasal Dryness,Saline Ointment,"Apply nasal moisturizer"
217,nose congestion with fever,Upper Respiratory Infection,Paracetamol,"Rest and fluids"
218,watery nose in cold weather,Cold Sensitivity,Antihistamines,"Protect nose from cold"
219,nose pain when touching,Local Inflammation,Topical Antibiotics,"Avoid pressing nose"
220,blocked nose after crying,Nasal Congestion,Saline Drops,"Clear nose gently"
221,eye redness with pain,Eye Infection,Antibiotic Eye Drops,"Avoid touching eyes"
222,blurred vision suddenly,Sudden Vision Disturbance,Medical Evaluation,"Seek medical help immediately"
223,itchy eyes with watering,Eye Allergy,Antihistamine Drops,"Avoid rubbing eyes"
224,eye strain after long screen use,Digital Eye Strain,Eye Drops,"Take frequent breaks"
225,yellow discharge from eyes,Conjunctivitis,Antibiotic Eye Drops,"Clean eyes with sterile cloth"
226,eye pain in bright light,Photophobia,Dark Glasses,"Avoid bright lights"
227,dry eyes with burning,Dry Eye Syndrome,Artificial Tears,"Blink frequently and hydrate"
228,swelling around eyes,Eye Inflammation,Cold Compress,"Consult doctor if severe"
229,double vision,Vision Disorder,Medical Evaluation,"Urgent eye check needed"
230,foreign body sensation in eye,Eye Irritation,Saline Wash,"Rinse eye gently"
231,eye twitching frequently,Eye Fatigue,Multivitamins,"Reduce screen time"
232,eye heaviness and headache,Eye Strain,Pain Relievers,"Rest eyes"
233,red patch in eye,Subconjunctival Hemorrhage,No Medicine,"Usually heals on its own"
234,night vision difficulty,Night Blindness,Vitamin A Supplements,"Improve vitamin intake"
235,eye pain with headache,Glaucoma Attack,Medical Emergency,"Go to hospital immediately"
236,white spot on cornea,Corneal Ulcer,Antibiotic Drops,"Urgent ophthalmologist visit"
237,itchy eyelids with flakes,Blepharitis,Eyelid Cleaning,"Maintain eyelid hygiene"
238,swollen eyelids in morning,Eye Allergy,Antihistamines,"Apply cold compress"
239,flashes of light in vision,Retinal Problem,Emergency Evaluation,"Immediate eye check"
240,cloudy vision in elderly,Cataract,Medical Evaluation,"Surgery if severe"
241,eye dryness after AC,Dry Eyes,Artificial Tears,"Avoid direct air flow"
242,eye pain when moving eyes,Optic Neuritis,Medical Evaluation,"Urgent consultation required"
243,watering eyes in wind,Eye Sensitivity,Protective Glasses,"Wear sunglasses"
244,sticky eyes after sleep,Eye Infection,Antibiotic Drops,"Clean eyes regularly"
245,black spots floating in vision,Eye Floaters,Medical Evaluation,"Consult ophthalmologist"
246,fast heartbeat without exercise,Palpitations,Medical Evaluation,"Avoid caffeine and stress"
247,irregular heartbeat feeling,Arrhythmia,Medical Evaluation,"Consult cardiologist"
248,pressure in chest while walking,Angina,Pain Relievers,"Rest and seek medical advice"
249,shortness of breath on climbing stairs,Heart Weakness,Medical Evaluation,"Limit exertion and consult doctor"
250,swelling in legs with breathlessness,Heart Failure,Diuretics,"Seek medical attention"
251,feeling faint suddenly,Low Blood Pressure,ORS,"Sit or lie down immediately"
252,headache with high bp reading,Hypertension,Antihypertensives,"Check BP regularly"
253,dizziness after standing up,Postural Hypotension,ORS,"Stand up slowly"
254,nosebleed with high bp,Hypertension,Medical Evaluation,"Control blood pressure"
255,chest tightness during stress,Stress Induced Angina,Medical Evaluation,"Practice relaxation techniques"
256,frequent urination with fatigue,Diabetes,Blood Sugar Control,"Monitor glucose regularly"
257,slow wound healing in feet,Diabetic Complication,Glucose Control,"Daily foot care needed"
258,tingling in feet and hands,Diabetic Neuropathy,Vitamin B Complex,"Control sugar levels"
259,blurred vision with high sugar,Diabetes,Blood Sugar Control,"Check sugar levels"
260,excessive hunger and sweating,Hypoglycemia,Glucose Intake,"Eat something sweet immediately"
261,extreme thirst and dry mouth,High Blood Sugar,Glucose Control,"Drink water and test sugar"
262,chest pain spreading to left arm,Heart Attack,Emergency Care,"Call emergency services"
263,breathlessness while lying flat,Heart Failure,Medical Evaluation,"Sleep with head elevated"
264,heavy sweating with chest discomfort,Heart Attack Warning,Emergency Care,"Go to hospital immediately"
265,frequent dizziness and headache,High Blood Pressure,Antihypertensives,"Reduce salt intake"
266,rapid breathing with high sugar,Diabetic Ketoacidosis,Emergency Care,"Immediate hospital treatment"
267,loss of consciousness in diabetic patient,Severe Hypoglycemia,Emergency Glucose,"Seek emergency help"
268,feeling tired after mild activity,Heart Weakness,Medical Evaluation,"Consult cardiologist"
269,pain in chest after heavy meal,Acid Reflux vs Heart Issue,Medical Evaluation,"Do not ignore chest pain"
270,swollen face and legs,Fluid Retention,Diuretics,"Check heart and kidney function"
271,frequent night urination,Diabetes or Prostate Issue,Medical Evaluation,"Consult doctor"
272,irritability and sweating,Low Blood Sugar,Glucose Tablets,"Check sugar immediately"
273,headache and blurred vision,Hypertensive Crisis,Emergency Care,"Immediate BP control needed"
274,weak pulse and cold sweat,Shock,Emergency Care,"Call emergency services"
275,breathlessness with chest heaviness,Cardiac Problem,Emergency Evaluation,"Go to hospital"
276,shortness of breath while resting,Breathing Difficulty,Medical Evaluation,"Seek medical attention"
277,continuous dry cough,Lung Irritation,Cough Suppressants,"Avoid smoke and dust"
278,cough with blood in sputum,Lung Infection,Emergency Evaluation,"Go to hospital immediately"
279,wheezing sound while breathing,Asthma Exacerbation,Inhaler,"Avoid triggers"
280,breathing difficulty at night,Sleep Apnea,Medical Evaluation,"Sleep on side and consult doctor"
281,chest tightness with cough,Bronchial Spasm,Inhaler,"Use inhaler as prescribed"
282,rapid breathing and anxiety,Hyperventilation,Calming Techniques,"Slow deep breathing"
283,cough with thick green mucus,Chest Infection,Antibiotics,"Complete antibiotic course"
284,breathing pain while coughing,Pleurisy,Pain Relievers,"Rest and consult doctor"
285,frequent breathlessness after mild work,Lung Weakness,Medical Evaluation,"Avoid exertion"
286,night cough in child,Childhood Asthma,Inhaler,"Consult pediatrician"
287,breathlessness with fever,Pneumonia,Antibiotics,"Seek medical treatment"
288,difficulty breathing in dusty place,Allergic Asthma,Inhaler,"Avoid allergens"
289,chest pain while breathing,Costochondritis,Pain Relievers,"Apply warm compress"
290,whistling noise in chest,Airway Narrowing,Bronchodilators,"Use inhaler"
291,breathlessness after climbing few steps,Low Lung Capacity,Medical Evaluation,"Pulmonary tests needed"
292,cough worsening at night,Post Nasal Drip,Antihistamines,"Elevate head while sleeping"
293,short breath after long sitting,Poor Lung Circulation,Deep Breathing,"Do breathing exercises"
294,feeling unable to take deep breath,Anxiety Related Breathing,Relaxation Therapy,"Practice breathing techniques"
295,persistent cough for weeks,Chronic Bronchitis,Medical Evaluation,"Avoid smoking"
296,burning chest sensation while breathing,Airway Inflammation,Anti inflammatory meds,"Consult doctor"
297,breathing difficulty after smoke exposure,Smoke Inhalation,Medical Evaluation,"Get oxygen support if needed"
298,chest congestion with rattling sound,Chest Infection,Expectorants,"Drink warm fluids"
299,short breath during sleep,Sleep Related Breathing Disorder,Medical Evaluation,"Sleep study advised"
300,breathing stops briefly during sleep,Obstructive Sleep Apnea,CPAP Therapy,"Weight management helps"
301,lower abdominal pain during periods,Menstrual Cramps,Pain Relievers,"Use hot water bag"
302,irregular periods,Hormonal Imbalance,Hormone Therapy,"Consult gynecologist"
303,heavy bleeding during periods,Menorrhagia,Iron Supplements,"Medical evaluation required"
304,missed periods,Pregnancy or Hormonal Issue,Pregnancy Test,"Consult doctor"
305,painful periods every month,Dysmenorrhea,Pain Relievers,"Regular exercise helps"
306,white vaginal discharge with itching,Vaginal Infection,Antifungal Tablets,"Maintain hygiene"
307,pelvic pain after periods,Endometriosis,Medical Evaluation,"Consult gynecologist"
308,breast pain before periods,Premenstrual Syndrome,Pain Relievers,"Wear supportive bra"
309,lumps in breast,Breast Lump,Medical Evaluation,"Breast exam needed"
310,frequent urination during pregnancy,Pregnancy Symptom,No Medicine,"Normal but consult doctor"
311,nausea and vomiting in pregnancy,Morning Sickness,Antiemetics,"Eat small frequent meals"
312,swollen feet in pregnancy,Pregnancy Edema,Leg Elevation,"Avoid standing long time"
313,lower back pain in pregnancy,Pregnancy Strain,Pain Relievers,"Use pregnancy pillow"
314,itching in private parts,Vaginal Infection,Antifungal Cream,"Keep area dry"
315,pain during intercourse,Dyspareunia,Medical Evaluation,"Consult gynecologist"
316,hot flashes and sweating,Menopause,Hormone Therapy,"Wear light clothing"
317,mood swings before periods,PMS,Multivitamins,"Regular sleep and exercise"
318,delay in periods with stress,Stress Related Amenorrhea,Stress Management,"Relaxation needed"
319,lower abdominal pain with fever,Pelvic Infection,Antibiotics,"Seek medical care"
320,breast milk leakage when not pregnant,Hormonal Disorder,Medical Evaluation,"Hormone tests required"
321,pain in lower abdomen after urination,Urinary Infection,Antibiotics,"Drink plenty of water"
322,spotting between periods,Hormonal Issue,Medical Evaluation,"Consult gynecologist"
323,itchy rash under breasts,Skin Fungal Infection,Antifungal Powder,"Keep area dry"
324,vaginal dryness,Menopause Related,Moisturizing Gel,"Consult doctor"
325,lower back pain with missed periods,Possible Pregnancy,Medical Evaluation,"Pregnancy test advised"
326,fever in child with cold,Common Viral Infection,Paracetamol,"Keep child hydrated"
327,child not eating properly,Poor Appetite,Multivitamins,"Offer small frequent meals"
328,frequent crying with ear pulling,Ear Infection,Antibiotics,"Consult pediatrician"
329,diarrhea in toddler,Stomach Infection,ORS,"Prevent dehydration"
330,child coughing at night,Childhood Asthma,Inhaler,"Avoid dust exposure"
331,skin rashes in baby,Allergic Rash,Calamine Lotion,"Keep skin clean and dry"
332,vomiting after feeding,Indigestion in Baby,Antiemetic,"Feed slowly"
333,child tired and pale,Anemia in Child,Iron Supplements,"Improve diet"
334,runny nose and sneezing in child,Common Cold,Cetirizine,"Warm fluids help"
335,high fever with chills in child,Bacterial Infection,Antibiotics,"Seek medical care"
336,itching in scalp of child,Head Lice,Anti lice Lotion,"Wash bedding in hot water"
337,red eyes with discharge in child,Conjunctivitis,Antibiotic Eye Drops,"Avoid touching eyes"
338,stomach pain in school child,Indigestion,Antacids,"Avoid junk food"
339,child wheezing while breathing,Bronchiolitis,Medical Evaluation,"Hospital care may be needed"
340,frequent urination in child,Urinary Infection,Antibiotics,"Encourage fluids"
341,delayed growth in child,Growth Delay,Nutritional Supplements,"Consult pediatrician"
342,child scratching skin a lot,Allergic Dermatitis,Antihistamines,"Identify allergens"
343,child complaining of headache,Dehydration or Infection,Paracetamol,"Give fluids and rest"
344,child fainting suddenly,Low Blood Sugar,Emergency Care,"Immediate medical attention"
345,child having seizures,Fever Seizure,Emergency Care,"Rush to hospital"
346,child not sleeping at night,Sleep Disturbance,No Medicine,"Maintain sleep routine"
347,child vomiting with fever,Gastroenteritis,ORS,"Prevent dehydration"
348,swollen glands in child neck,Infection,Antibiotics,"Consult pediatrician"
349,child complaining of leg pain,Growing Pains,Pain Relievers,"Gentle massage helps"
350,child refusing to walk,Limb Injury,Medical Evaluation,"Check for injury"
351,fall with severe leg pain,Bone Fracture,Emergency Care,"Do not move affected area"
352,twisted ankle while walking,Ankle Sprain,Pain Relievers,"Apply ice and rest"
353,cut on finger with bleeding,Minor Cut,Antiseptic,"Clean and bandage wound"
354,head hit with dizziness,Head Injury,Medical Evaluation,"Go to hospital"
355,road accident with body pain,Trauma Injury,Emergency Care,"Call ambulance immediately"
356,deep wound with heavy bleeding,Severe Bleeding,Emergency Care,"Apply pressure and rush to hospital"
357,burn injury from hot water,Scald Burn,Burn Ointment,"Cool with running water"
358,electric shock injury,Electric Injury,Emergency Care,"Seek immediate medical help"
359,fall from height,Major Trauma,Emergency Care,"Do not move patient"
360,knife cut with deep wound,Laceration,Stitches Required,"Go to emergency room"
361,object stuck in eye,Eye Injury,Emergency Care,"Do not rub eye"
362,hit on chest with pain,Chest Injury,Medical Evaluation,"Check for internal injury"
363,twisted knee with swelling,Knee Injury,Pain Relievers,"Apply ice and rest"
364,hit on head and vomiting,Concussion,Emergency Care,"Immediate medical attention"
365,chemical spill on skin,Chemical Burn,Emergency Care,"Rinse with plenty of water"
366,dog bite wound,Animal Bite,Anti Rabies Vaccine,"Wash and go to hospital"
367,insect sting with swelling,Allergic Reaction,Antihistamines,"Seek help if severe"
368,broken tooth after fall,Dental Trauma,Emergency Dental Care,"Visit dentist immediately"
369,foreign object in ear,Foreign Body Ear,Medical Removal,"Do not insert tools"
370,slipped and back pain,Spinal Injury,Medical Evaluation,"Avoid movement"
371,glass cut on foot,Deep Cut,Antiseptic and Stitches,"Clean and consult doctor"
372,hit by heavy object,Crush Injury,Emergency Care,"Rush to hospital"
373,smoke inhalation in fire,Smoke Inhalation,Emergency Oxygen,"Seek urgent medical care"
374,bleeding from nose after accident,Facial Injury,Medical Evaluation,"Apply pressure and go to hospital"
375,child swallowed object,Foreign Body Ingestion,Emergency Care,"Immediate hospital visit"
376,stomach pain after meals,Indigestion,Antacids,"Eat slowly and avoid spicy food"
377,burning pain in stomach,Acidity,Omeprazole,"Avoid oily and fried food"
378,stomach pain with vomiting,Gastritis,Antiemetics,"Take light food and rest"
379,loose motions after eating outside,Food Poisoning,ORS,"Stay hydrated"
380,stomach cramps with gas,Gas Trouble,Simethicone,"Avoid carbonated drinks"
381,feeling full quickly while eating,Indigestion,Probiotics,"Eat small frequent meals"
382,upper stomach pain with nausea,Peptic Ulcer,Antacids,"Avoid alcohol and spicy food"
383,stomach pain with black stools,Gastrointestinal Bleeding,Emergency Care,"Go to hospital immediately"
384,stomach bloating after every meal,Bloating,Probiotics,"Avoid junk food"
385,pain on empty stomach,Acid Ulcer,Antacids,"Do not skip meals"
386,stomach pain with fever,Stomach Infection,Antibiotics,"Consult doctor"
387,frequent loose stools,Irritable Bowel Syndrome,Antispasmodics,"Avoid trigger foods"
388,stomach pain relieved after passing gas,Gas Pain,Simethicone,"Walk after meals"
389,abdominal pain with constipation,Constipation,Isabgol,"Increase fiber intake"
390,feeling nauseous in morning,Acidity or Pregnancy,Medical Evaluation,"Consult doctor if persists"
391,stomach pain after dairy food,Lactose Intolerance,Lactase Tablets,"Avoid milk products"
392,frequent stomach upset,Weak Digestion,Probiotics,"Improve diet habits"
393,stomach pain with vomiting blood,Severe Gastric Bleed,Emergency Care,"Immediate hospital visit"
394,acid coming into mouth,GERD,Omeprazole,"Do not lie down after meals"
395,stomach pain with weight loss,Serious Digestive Disorder,Medical Evaluation,"Consult gastroenterologist"
396,frequent stomach noises,Gas Trouble,Simethicone,"Avoid carbonated drinks"
397,stomach tightness after stress,Stress Induced Gastritis,Antacids,"Manage stress"
398,stomach pain on right side,Appendicitis,Emergency Surgery,"Go to hospital immediately"
399,stomach pain with yellow eyes,Liver Disorder,Medical Evaluation,"Liver function test needed"
400,abdominal swelling with pain,Fluid in Abdomen,Medical Evaluation,"Consult doctor"
401,stomach pain after spicy food,Acid Reflux,Antacids,"Avoid spicy meals"
402,frequent heartburn,GERD,Proton Pump Inhibitors,"Avoid late night eating"
403,stomach pain with diarrhea and fever,Intestinal Infection,Antibiotics,"Seek medical care"
404,stomach pain after alcohol intake,Gastritis,Antacids,"Avoid alcohol"
405,sharp stomach pain suddenly,Acute Abdominal Pain,Emergency Evaluation,"Immediate hospital visit"
406,frequent dizziness and imbalance,Vertigo,Antivertigo Medicines,"Avoid sudden head movement"
407,numbness in one side of body,Stroke Warning,Emergency Care,"Go to hospital immediately"
408,frequent headaches with nausea,Migraine,Sumatriptan,"Avoid bright lights"
409,tingling in hands and feet,Nerve Damage,Vitamin B Complex,"Control blood sugar"
410,loss of balance while walking,Nervous System Disorder,Medical Evaluation,"Neurology check required"
411,hand tremors while resting,Tremor Disorder,Medical Evaluation,"Avoid caffeine"
412,confusion and memory loss,Neurological Disorder,Medical Evaluation,"Brain tests needed"
413,weakness in arms and legs,Neuromuscular Disorder,Medical Evaluation,"Physiotherapy may help"
414,face drooping on one side,Stroke,Emergency Care,"Immediate hospital visit"
415,slurred speech suddenly,Stroke,Emergency Care,"Call ambulance"
416,frequent fainting episodes,Syncope,Medical Evaluation,"Heart and brain tests"
417,severe headache with vomiting,Brain Infection,Emergency Care,"Urgent treatment required"
418,pain behind eyes with headache,Sinus or Migraine,Pain Relievers,"Steam inhalation helps"
419,loss of coordination,Brain Disorder,Medical Evaluation,"MRI may be needed"
420,jerking movements of body,Seizure Disorder,Antiepileptic Drugs,"Consult neurologist"
421,tingling in face,Nerve Irritation,Vitamin B Complex,"Avoid stress"
422,difficulty speaking clearly,Speech Disorder,Medical Evaluation,"Speech therapy advised"
423,blurred vision with headache,Brain Pressure,Medical Evaluation,"Immediate scan required"
424,weak grip strength,Nerve Compression,Medical Evaluation,"Physiotherapy needed"
425,frequent forgetfulness,Memory Disorder,Medical Evaluation,"Cognitive tests required"
426,pain shooting down leg,Sciatica,Pain Relievers,"Avoid heavy lifting"
427,neck pain with arm numbness,Cervical Nerve Compression,Pain Relievers,"Neck exercises helpful"
428,loss of consciousness briefly,Blackout,Medical Evaluation,"Heart and brain check"
429,facial muscle twitching,Nerve Spasm,Vitamin Supplements,"Reduce stress"
430,head injury with confusion,Concussion,Emergency Care,"Hospital observation needed"
431,burning while urinating,Urinary Tract Infection,Antibiotics,"Drink plenty of water"
432,blood in urine,Hematuria,Medical Evaluation,"Urgent urine tests"
433,frequent urination at night,Kidney or Diabetes Issue,Medical Evaluation,"Check sugar and kidneys"
434,lower back pain near kidneys,Kidney Stone,Pain Relievers,"Drink more fluids"
435,cloudy urine with odor,Urinary Infection,Antibiotics,"Complete medication"
436,swelling around eyes,Fluid Retention,Kidney Disorder Treatment,"Consult nephrologist"
437,foamy urine,Protein in Urine,Medical Evaluation,"Kidney function test"
438,inability to pass urine,Urinary Retention,Emergency Care,"Catheter may be needed"
439,pain while urinating with fever,Severe UTI,Antibiotics,"Hospital treatment"
440,frequent urge to urinate,Overactive Bladder,Bladder Relaxants,"Avoid caffeine"
441,sharp back pain radiating to groin,Kidney Stone,Pain Relievers,"Imaging needed"
442,reduced urine output,Kidney Failure,Emergency Care,"Immediate medical help"
443,swelling in feet and face,Nephrotic Syndrome,Medical Evaluation,"Kidney specialist needed"
444,itching with kidney problem,Chronic Kidney Disease,Medical Management,"Dialysis if severe"
445,urine leakage,Urinary Incontinence,Bladder Training,"Pelvic exercises help"
446,burning and itching in urine passage,Urethritis,Antibiotics,"Maintain hygiene"
447,back pain with blood in urine,Kidney Stone,Medical Evaluation,"Ultrasound needed"
448,frequent urinary infections,Recurrent UTI,Preventive Antibiotics,"Drink more water"
449,difficulty starting urine,Prostate Enlargement,Alpha Blockers,"Urology consult"
450,smelly urine,Urinary Infection,Antibiotics,"Hydration important"
451,abdominal pain with urine issues,Urinary Tract Disorder,Medical Evaluation,"Imaging advised"
452,pain after urination,Bladder Infection,Antibiotics,"Complete course"
453,urine retention after surgery,Post Surgical Complication,Catheterization,"Doctor monitoring"
454,fever with kidney pain,Kidney Infection,Antibiotics,"Hospital care required"
455,swelling with high bp,Kidney Related Hypertension,Antihypertensives,"Kidney tests needed"
456,constant worrying thoughts,Anxiety Disorder,Anti anxiety meds,"Practice relaxation"
457,feeling sad most of the day,Depression,Antidepressants,"Counseling helpful"
458,panic attacks with breathlessness,Panic Disorder,Anti anxiety meds,"Breathing exercises"
459,lack of interest in activities,Depression,Medical Evaluation,"Psychiatric consult"
460,trouble sleeping every night,Chronic Insomnia,Sleep Aids,"Maintain sleep routine"
461,feeling hopeless and tired,Depressive Disorder,Antidepressants,"Therapy advised"
462,irritability and anger issues,Stress Disorder,Stress Management,"Counseling helpful"
463,fear in social situations,Social Anxiety,Anti anxiety meds,"Gradual exposure therapy"
464,poor concentration and memory,Stress Related Cognitive Issue,Medical Evaluation,"Reduce workload"
465,overthinking and restlessness,Generalized Anxiety Disorder,Anti anxiety meds,"Meditation helps"
466,feeling worthless,Depression,Emergency Evaluation,"Seek mental health support"
467,sudden mood changes,Bipolar Disorder,Medical Evaluation,"Psychiatric treatment"
468,nightmares and fear,PTSD,Trauma Therapy,"Counseling required"
469,loss of appetite due to stress,Stress Disorder,Multivitamins,"Regular meals needed"
470,excessive fear of illness,Health Anxiety,Behavioral Therapy,"Limit symptom searching"
471,feeling detached from reality,Dissociative Disorder,Medical Evaluation,"Psychiatric consult"
472,frequent crying spells,Emotional Distress,Counseling,"Talk to support person"
473,unable to relax,Chronic Stress,Stress Reduction,"Yoga and therapy"
474,panic feeling in crowded places,Agoraphobia,Anti anxiety meds,"Gradual exposure"
475,loss of motivation,Depression,Medical Evaluation,"Professional counseling"
476,thinking about self harm,Mental Health Crisis,Emergency Care,"Immediate psychiatric help"
477,constant fear and tension,Anxiety Disorder,Anti anxiety meds,"Therapy recommended"
478,feeling empty inside,Emotional Disorder,Medical Evaluation,"Psychotherapy needed"
479,mental exhaustion,Burnout Syndrome,Rest and Counseling,"Reduce workload"
480,loss of sleep due to stress,Stress Induced Insomnia,Sleep Therapy,"Relaxation techniques"
481,knee pain while walking,Osteoarthritis,Pain Relievers,"Weight control helps"
482,shoulder pain while lifting arm,Rotator Cuff Injury,Pain Relievers,"Physiotherapy needed"
483,stiff joints in morning,Arthritis,Pain Relievers,"Regular exercises help"
484,back pain after lifting weight,Muscle Strain,Pain Relievers,"Avoid heavy work"
485,neck pain after long phone use,Text Neck Syndrome,Pain Relievers,"Posture correction"
486,joint swelling and redness,Joint Inflammation,Anti inflammatory meds,"Rest joint"
487,hip pain while walking,Hip Arthritis,Pain Relievers,"Physiotherapy helps"
488,cracking sounds in joints,Joint Degeneration,Medical Evaluation,"Exercise advised"
489,heel pain in morning,Plantar Fasciitis,Pain Relievers,"Foot stretches helpful"
490,painful wrist movement,Tendonitis,Pain Relievers,"Rest wrist"
491,back stiffness in young adult,Ankylosing Spondylitis,Medical Evaluation,"Physiotherapy required"
492,joint pain after fever,Post Viral Arthritis,Pain Relievers,"Rest and fluids"
493,knee swelling after fall,Joint Injury,Medical Evaluation,"X-ray may be needed"
494,shoulder stiffness,Frozen Shoulder,Physiotherapy,"Regular exercises needed"
495,pain in fingers joints,Rheumatoid Arthritis,Anti inflammatory meds,"Consult rheumatologist"
496,back pain with tingling legs,Spinal Nerve Compression,Medical Evaluation,"MRI advised"
497,joint pain in cold weather,Arthritis Flare,Pain Relievers,"Keep joints warm"
498,foot pain while standing long,Foot Strain,Pain Relievers,"Use cushioned footwear"
499,swollen painful joints,Gout Attack,Pain Relievers,"Avoid high protein food"
500,limited joint movement,Joint Contracture,Physiotherapy,"Regular stretching"
501,pain near collar bone,Muscle Injury,Pain Relievers,"Rest affected area"
502,elbow pain while gripping,Tennis Elbow,Pain Relievers,"Avoid repetitive strain"
503,back pain with posture issue,Postural Back Pain,Physiotherapy,"Correct sitting posture"
504,joint pain with fever,Infectious Arthritis,Emergency Care,"Immediate treatment needed"
505,hip pain after long sitting,Hip Joint Stiffness,Exercises,"Frequent movement helps"
